Product Name,Price,Rating,Total Reviews,Delivery,Page
BAGSMART,$26.03,4.7,0,Amazon's Choice: Overall Pick,1
BAGSMART,$23.96,4.8,0,BAGSMART,1
BAGSMART,$29.99,4.6,0,BAGSMART,1
BAGSMART,$17.88,4.8,0,BAGSMART,1
BAGSMART,$39.99,4.6,0,BAGSMART,1
BAGSMART,$29.99,4.7,0,BAGSMART,1
BAGSMART,$36.99,4.6,0,BAGSMART,1
BAGSMART,$9.49,4.6,0,BAGSMART,1
BAGSMART,$12.99,4.7,0,BAGSMART,1
BAGSMART,$32.99,4.6,0,BAGSMART,1
BAGSMART,$22.99,4.7,0,BAGSMART,1
BAGSMART,$28.89,4.7,0,BAGSMART,1
BAGSMART,$19.99,4.6,0,BAGSMART,1
BAGSMART,$33.99,4.6,0,BAGSMART,1
BAGSMART,$29.99,4.7,0,BAGSMART,1
BAGSMART,$17.91,4.8,0,BAGSMART,1
BAGSMART,$14.99,4.6,0,BAGSMART,1
BAGSMART,$19.99,4.7,0,BAGSMART,1
BAGSMART,$87.49,4.5,0,BAGSMART,1
BAGSMART,$35.99,4.7,0,BAGSMART,1
BAGSMART,$34.99,4.5,0,BAGSMART,1
BAGSMART,$19.19,4.6,0,BAGSMART,1
BAGSMART,$20.99,4.7,0,BAGSMART,1
BAGSMART,$22.99,4.8,0,BAGSMART,1
BAGSMART,$14.99,4.6,0,BAGSMART,1
BAGSMART,$59.49,4.5,0,BAGSMART,1
BAGSMART,$33.99,4.5,0,BAGSMART,1
BAGSMART,$8.99,4.6,0,BAGSMART,1
BAGSMART,$19.98,4.6,0,BAGSMART,1
BAGSMART,$19.99,4.6,0,BAGSMART,1
BAGSMART,$39.99,4.7,0,BAGSMART,1
BAGSMART,$7.99,4.6,0,BAGSMART,1
BAGSMART,$79.99,4.5,0,BAGSMART,1
BAGSMART,$20.39,4.3,0,BAGSMART,1
BAGSMART,$23.99,4.7,0,BAGSMART,1
BAGSMART,$69.99,4.6,0,BAGSMART,1
BAGSMART,$59.99,4.4,0,BAGSMART,1
BAGSMART,$22.99,4.6,0,BAGSMART,1
BAGSMART,$36.99,4.7,0,BAGSMART,1
BAGSMART,$32.99,4.6,0,BAGSMART,1
BAGSMART,$11.87,4.7,0,BAGSMART,1
BAGSMART,$9.99,4.6,0,BAGSMART,1
BAGSMART,$25.99,4.6,0,BAGSMART,1
BAGSMART,$29.99,4.7,0,BAGSMART,1
BAGSMART,$23.19,4.7,0,BAGSMART,1
BAGSMART,$23.74,4.7,0,BAGSMART,1
BAGSMART,$24.99,4.6,0,BAGSMART,1
BAGSMART,$19.99,4.6,0,BAGSMART,1
BAGSMART,$19.99,4.6,0,BAGSMART,2
BAGSMART,$32.29,4.5,0,BAGSMART,2
BAGSMART,$16.99,4.4,0,BAGSMART,2
BAGSMART,$12.99,4.7,0,BAGSMART,2
BAGSMART,$24.58,4.7,0,BAGSMART,2
BAGSMART,$9.99,4.7,0,BAGSMART,2
BAGSMART,$39.99,4.4,0,BAGSMART,2
BAGSMART,$25.99,4.3,0,BAGSMART,2
BAGSMART,$19.99,4.7,0,BAGSMART,2
BAGSMART,$17.99,4.7,0,BAGSMART,2
BAGSMART,$21.99,4.7,0,BAGSMART,2
BAGSMART,$16.99,4.5,0,BAGSMART,2
BAGSMART,$74.38,4.6,0,BAGSMART,2
BAGSMART,$22.99,4.6,0,BAGSMART,2
BAGSMART,$19.99,3.8,0,BAGSMART,2
BAGSMART,$8.99,4.8,0,BAGSMART,2
BAGSMART,$9.99,4.7,0,BAGSMART,2
BAGSMART,$64.99,4.4,0,BAGSMART,2
BAGSMART,$9.99,4.6,0,BAGSMART,2
BAGSMART,$29.99,4.5,0,BAGSMART,2
BAGSMART,$10.99,4.6,0,BAGSMART,2
BAGSMART,$27.17,4.6,0,BAGSMART,2
BAGSMART,$9.99,4.6,0,BAGSMART,2
BAGSMART,$16.99,4.6,0,BAGSMART,2
BAGSMART,$36.99,4.6,0,BAGSMART,2
BAGSMART,$14.99,4.7,0,BAGSMART,2
BAGSMART,$9.54,4.6,0,BAGSMART,2
BAGSMART,$11.99,4.4,0,BAGSMART,2
BAGSMART,$19.99,4.5,0,BAGSMART,2
BAGSMART,$41.97,4.6,0,BAGSMART,2
BAGSMART,$23.99,4.5,0,BAGSMART,2
BAGSMART,$6.99,4.7,0,BAGSMART,2
BAGSMART,$26.99,4.8,0,BAGSMART,2
BAGSMART,$12.99,4.6,0,BAGSMART,2
BAGSMART,$29.99,4.6,0,BAGSMART,2
BAGSMART,$9.99,4.5,0,BAGSMART,2
BAGSMART,$19.99,4.8,0,BAGSMART,2
BAGSMART,$12.99,4.6,0,BAGSMART,2
BAGSMART,$7.99,4.9,0,BAGSMART,2
BAGSMART,$16.99,4.7,0,BAGSMART,2
BAGSMART,$19.99,4.6,0,BAGSMART,2
BAGSMART,$16.99,4.6,0,BAGSMART,2
BAGSMART,$19.99,4.7,0,BAGSMART,2
BAGSMART,$19.99,4.7,0,BAGSMART,2
BAGSMART,$14.69,4.6,0,BAGSMART,2
BAGSMART,$17.99,4.1,0,BAGSMART,2
BAGSMART,$12.99,4.6,0,BAGSMART,2
BAGSMART,$19.99,4.7,0,BAGSMART,2
BAGSMART,$12.99,4.7,0,BAGSMART,3
BAGSMART,$27.99,4.6,0,BAGSMART,3
BAGSMART,$52.99,4.2,0,BAGSMART,3
BAGSMART,$30.99,4.6,0,BAGSMART,3
BAGSMART,$19.99,4.7,0,BAGSMART,3
BAGSMART,$12.99,4.2,0,BAGSMART,3
BAGSMART,$16.99,4.6,0,BAGSMART,3
BAGSMART,$19.99,4.5,0,BAGSMART,3
BAGSMART,$21.99,4.6,0,BAGSMART,3
BAGSMART,$22.99,4.5,0,BAGSMART,3
BAGSMART,$15.99,4.5,0,BAGSMART,3
BAGSMART,$24.99,4.7,0,BAGSMART,3
BAGSMART,$17.99,4.5,0,BAGSMART,3
BAGSMART,$9.99,4.6,0,BAGSMART,3
BAGSMART,$19.99,4.5,0,BAGSMART,3
BAGSMART,$29.99,4.5,0,BAGSMART,3
BAGSMART,$14.99,4.7,0,BAGSMART,3
BAGSMART,$25.26,4.5,0,BAGSMART,3
BAGSMART,$14.99,4.4,0,BAGSMART,3
BAGSMART,$16.99,4.5,0,BAGSMART,3
BAGSMART,$19.99,4.8,0,BAGSMART,3
BAGSMART,N/A,4.5,0,BAGSMART,3
BAGSMART,$19.99,4.4,0,BAGSMART,3
BAGSMART,$11.98,4.7,0,BAGSMART,3
BAGSMART,$32.99,4.4,0,BAGSMART,3
BAGSMART,$35.49,4.5,0,BAGSMART,3
BAGSMART,$21.99,4.5,0,BAGSMART,3
BAGSMART,$19.99,4.4,0,BAGSMART,3
BAGSMART,$59.99,4.7,0,BAGSMART,3
BAGSMART,$19.99,4.2,0,BAGSMART,3
BAGSMART,$14.99,4.4,0,BAGSMART,3
BAGSMART,$24.99,4.7,0,BAGSMART,3
BAGSMART,$21.99,4.7,0,BAGSMART,3
BAGSMART,$12.99,4.6,0,BAGSMART,3
BAGSMART,$19.99,4.6,0,BAGSMART,3
BAGSMART,$16.99,4.3,0,BAGSMART,3
BAGSMART,$9.99,4.4,0,BAGSMART,3
BAGSMART,$9.99,4.6,0,BAGSMART,3
BAGSMART,$14.99,4.6,0,BAGSMART,3
BAGSMART,$11.99,4.4,0,BAGSMART,3
BAGSMART,$49.99,4.6,0,BAGSMART,3
BAGSMART,$26.99,4.6,0,BAGSMART,3
BAGSMART,$19.99,4.6,0,BAGSMART,3
BAGSMART,$15.99,4.6,0,BAGSMART,3
BAGSMART,$15.99,4.6,0,BAGSMART,3
BAGSMART,$49.99,4.2,0,BAGSMART,3
BAGSMART,$20.99,4.7,0,BAGSMART,3
BAGSMART,$24.49,4.8,0,BAGSMART,3
